country_code,country_name,regime_type,co2_new,physical_integrity_rights
AFG,Afghanistan,revolutionary,0.16696644693561075,0.106
AGO,Angola,revolutionary,1.0914437601870344,0.075
ALB,Albania,socialist,1.9703733112264967,0.029
ARE,United Arab Emirates,capitalist_periphery,31.44134020391682,0.621
ARG,Argentina,capitalist_periphery,3.3220583366995133,0.024
AUS,Australia,capitalist_core,12.012073702242182,0.98
AUT,Austria,capitalist_core,8.082767173621416,0.922
BDI,Burundi,capitalist_periphery,0.03362095052206831,0.386
BEL,Belgium,capitalist_core,12.03495446885757,0.971
BEN,Benin,revolutionary,0.09755729108100632,0.137
BFA,Burkina Faso,capitalist_periphery,0.0482664700847746,0.309
BGD,Bangladesh,capitalist_periphery,0.0670385902508456,0.3
BGR,Bulgaria,socialist,5.691020497574042,0.445
BHR,Bahrain,capitalist_periphery,12.14910320717906,0.339
BOL,Bolivia,capitalist_periphery,0.6698541853303807,0.139
BRA,Brazil,capitalist_periphery,1.1817764127581232,0.221
BRB,Barbados,capitalist_periphery,2.306880271907895,0.922
BTN,Bhutan,capitalist_periphery,0.029230677448410753,0.655
BWA,Botswana,capitalist_periphery,0.501302253030546,0.862
CAF,Central African Republic,capitalist_periphery,0.08847353245381356,0.541
CAN,Canada,capitalist_core,15.930177821760026,0.956
CHE,Switzerland,capitalist_core,9.286583058496344,0.975
CHL,Chile,capitalist_periphery,2.3116211734914778,0.031
CHN,China,socialist,0.9494915629968973,0.43
CIV,Cote d'Ivoire,capitalist_periphery,0.3906929582121233,0.54
CMR,Cameroon,capitalist_periphery,0.15013021642641178,0.159
COD,"Congo, DRC",capitalist_periphery,0.1667895280169689,0.049
COG,Congo,revolutionary,1.5002990641941152,0.166
COL,Colombia,capitalist_periphery,1.5265464288228716,0.167
CPV,Cape Verde,capitalist_periphery,0.6439754344068387,0.796
CRI,Costa Rica,capitalist_periphery,0.9955134342920496,0.919
CSK,Czechoslovakia,socialist,13.083457047512296,0.494
CUB,Cuba,socialist,2.413284464677635,0.548
CYP,Cyprus,capitalist_periphery,3.716967914659558,0.897
DEU,Germany,capitalist_core,14.058484350249895,0.97
DNK,Denmark,capitalist_core,10.770045407475097,0.989
DOM,Dominican Republic,capitalist_periphery,0.762336401694689,0.817
DZA,Algeria,capitalist_periphery,1.4945364820585314,0.567
ECU,Ecuador,capitalist_periphery,0.7319550680412319,0.714
EGY,Egypt,capitalist_periphery,0.8311643776858532,0.199
ERI,Eritrea,revolutionary,0.2443989047215311,0.043
ESP,Spain,capitalist_core,4.278943939978736,0.719
FIN,Finland,capitalist_core,8.619443861509971,0.987
FJI,Fiji,capitalist_periphery,1.0789515543291526,0.916
FRA,France,capitalist_core,9.982081384180667,0.936
GAB,Gabon,capitalist_periphery,4.508371971972545,0.53
GBR,United Kingdom,capitalist_core,12.338000120564832,0.738
GHA,Ghana,capitalist_periphery,0.3321977078302509,0.842
GIN,Guinea,capitalist_periphery,0.20819390064948973,0.056
GMB,The Gambia,capitalist_periphery,0.2518781635838568,0.833
GRC,Greece,capitalist_periphery,3.97282871365278,0.959
GTM,Guatemala,capitalist_periphery,0.49357137581913263,0.025
HKG,Hong Kong,capitalist_periphery,7.127235883955363,0.913
HND,Honduras,capitalist_periphery,0.5174437632167755,0.23
HTI,Haiti,capitalist_periphery,0.12427918598847237,0.036
HUN,Hungary,socialist,6.42108531660062,0.708
IDN,Indonesia,capitalist_periphery,0.3704990259823477,0.225
IND,India,capitalist_periphery,0.37526285639619045,0.681
IRL,Ireland,capitalist_core,6.001366432484886,0.944
IRN,Iran,capitalist_periphery,2.958839038635182,0.081
IRQ,Iraq,capitalist_periphery,2.952769799505451,0.041
ISL,Iceland,capitalist_core,12.066647566785779,0.976
ISR,Israel,capitalist_periphery,5.3028193436697055,0.785
ITA,Italy,capitalist_core,5.741732553048612,0.923
JAM,Jamaica,capitalist_periphery,2.753187733986039,0.76
JOR,Jordan,capitalist_periphery,1.9672814294527978,0.722
JPN,Japan,capitalist_core,7.370644002987971,0.966
KEN,Kenya,capitalist_periphery,0.33101333409597655,0.163
KHM,Cambodia,revolutionary,0.05410683547445711,0.122
KOR,South Korea,capitalist_periphery,1.9462495244952958,0.413
KWT,Kuwait,capitalist_periphery,61.70973966566964,0.85
LAO,Laos,revolutionary,0.17383337777215319,0.098
LBN,Lebanon,capitalist_periphery,2.1135267490495613,0.442
LBR,Liberia,capitalist_periphery,0.8834316483439977,0.136
LBY,Libya,capitalist_periphery,8.328197065810569,0.121
LKA,Sri Lanka,capitalist_periphery,0.2723411774128081,0.576
LSO,Lesotho,capitalist_periphery,0.2805175818856618,0.312
LUX,Luxembourg,capitalist_core,37.493990192588996,0.963
MAR,Morocco,capitalist_periphery,0.49727942346563253,0.305
MDG,Madagascar,revolutionary,0.151124883935245,0.551
MDV,Maldives,capitalist_periphery,0.0846228140124944,0.489
MEX,Mexico,capitalist_periphery,2.6193075703113604,0.45
MLI,Mali,capitalist_periphery,0.053821809469695406,0.167
MLT,Malta,capitalist_periphery,2.4137602588333085,0.954
MMR,Myanmar,capitalist_periphery,0.13438029915446806,0.201
MNG,Mongolia,socialist,2.134529075973525,0.357
MOZ,Mozambique,revolutionary,0.4793889480766538,0.132
MRT,Mauritania,capitalist_periphery,0.3173332439299241,0.441
MUS,Mauritius,capitalist_periphery,0.7932778631353885,0.896
MWI,Malawi,capitalist_periphery,0.14632942963149734,0.029
MYS,Malaysia,capitalist_periphery,1.1822050232273569,0.71
NAM,Namibia,capitalist_periphery,0.5394303070173566,0.22
NER,Niger,capitalist_periphery,0.05902309821741043,0.4
NGA,Nigeria,capitalist_periphery,0.65805657952109875,0.311
NIC,Nicaragua,revolutionary,0.6393064900425226,0.6
NLD,Netherlands,capitalist_core,10.15185803776742,0.977
NOR,Norway,capitalist_core,10.879579137606742,0.97
NPL,Nepal,capitalist_periphery,0.03167073562312531,0.28
NZL,New Zealand,capitalist_core,5.582239371816366,0.988
OMN,Oman,capitalist_periphery,7.450386772265197,0.659
PAK,Pakistan,capitalist_periphery,0.3835754984057389,0.046
PAN,Panama,capitalist_periphery,2.6347046265091523,0.159
PER,Peru,capitalist_periphery,1.2264122621240316,0.42
PHL,Philippines,capitalist_periphery,0.6151595857050481,0.067
PNG,Papua New Guinea,capitalist_periphery,0.34997758436981297,0.808
POL,Poland,socialist,8.6632403254463,0.596
PRK,North Korea,socialist,4.485247260641757,0.029
PRT,Portugal,capitalist_core,2.1953253026416593,0.979
PRY,Paraguay,capitalist_periphery,0.35641196428719824,0.103
ROU,Romania,socialist,5.304825709758436,0.377
RWA,Rwanda,capitalist_periphery,0.04191933633216661,0.279
SAU,Saudi Arabia,capitalist_periphery,7.049459482527797,0.314
SEN,Senegal,capitalist_periphery,0.35770026113032916,0.671
SGP,Singapore,capitalist_periphery,10.552581046120658,0.911
SLE,Sierra Leone,capitalist_periphery,0.2392757697440399,0.243
SLV,El Salvador,capitalist_periphery,0.5300853382474775,0.023
SOM,Somalia,revolutionary,0.07990038283101997,0.043
SUN,USSR,socialist,10.007316088614738,0.359
SUR,Suriname,capitalist_periphery,4.042587985372479,0.356
SWE,Sweden,capitalist_core,11.374140308131903,0.99
SWZ,Swaziland,capitalist_periphery,2.2020886140438867,0.416
SYC,Seychelles,capitalist_periphery,1.4624777048383688,0.779
SYR,Syria,capitalist_periphery,1.1988566910984775,0.049
TCD,Chad,capitalist_periphery,0.08752936842614503,0.073
TGO,Togo,capitalist_periphery,0.1732469821286666,0.098
THA,Thailand,capitalist_periphery,0.43862200559577214,0.425
TUN,Tunisia,capitalist_periphery,0.8274001955676034,0.529
TUR,Turkey,capitalist_periphery,1.3920887725154938,0.056
TZA,Tanzania,capitalist_periphery,0.15716859126342547,0.829
UGA,Uganda,capitalist_periphery,0.1307247001531149,0.109
URY,Uruguay,capitalist_periphery,2.1749724150886802,0.053
USA,United States,capitalist_core,20.44277758396635,0.909
VEN,Venezuela,capitalist_periphery,3.6474141626498935,0.814
VNM,Vietnam,socialist,0.35393109773156844,0.605
YEM,Yemen,revolutionary,0.5326883583084371,0.187
YUG,Yugoslavia,socialist,4.095396465286535,0.625
ZAF,South Africa,capitalist_periphery,7.008170568336172,0.059
ZMB,Zambia,capitalist_periphery,1.1093761320184656,0.366
ZWE,Zimbabwe,revolutionary,1.5223192966338046,0.177
