country_code,country_name,regime_type,GDP_PPP,death_rate_malnutrition
AFG,Afghanistan,revolutionary,1188.1290322580646,0.01104395427
AGO,Angola,revolutionary,1952.0967741935483,0.1013155943
ALB,Albania,socialist,3371.2258064516127,9.03991675e-4
ARE,United Arab Emirates,capitalist_periphery,36382.903225806454,3.55504737e-4
ARG,Argentina,capitalist_periphery,11292,0.004053264866
AUS,Australia,capitalist_core,20675.09677419355,2.6668561e-4
AUT,Austria,capitalist_core,18396.387096774193,1.2045851e-5
BDI,Burundi,capitalist_periphery,900.1612903225806,0.06310079648
BEL,Belgium,capitalist_core,19350.483870967742,3.25691511e-4
BEN,Benin,revolutionary,1630.8387096774193,0.03771041614
BFA,Burkina Faso,capitalist_periphery,1167.3225806451612,0.02939030976
BGD,Bangladesh,capitalist_periphery,912.1290322580645,0.05635677359
BGR,Bulgaria,socialist,8300.161290322581,1.9521654e-5
BHR,Bahrain,capitalist_periphery,6260.322580645161,0.00259390225799999
BOL,Bolivia,capitalist_periphery,3477.8387096774195,0.03179001782
BRA,Brazil,capitalist_periphery,6074.935483870968,0.0130377133
BRB,Barbados,capitalist_periphery,9960.09677419355,0.002930309285
BWA,Botswana,capitalist_periphery,1962.1290322580646,0.01590232028
CAF,Central African Republic,capitalist_periphery,1330.258064516129,0.03144445128
CAN,Canada,capitalist_core,22441.16129032258,5.32474892e-4
CHE,Switzerland,capitalist_core,25073.227809032258,1.4677776e-4
CHL,Chile,capitalist_periphery,8063.322580645161,0.002102230424
CHN,China,socialist,1770.3225806451612,0.005071966892
CIV,Cote d'Ivoire,capitalist_periphery,2719.8387096774195,0.01529071748
CMR,Cameroon,capitalist_periphery,1797.1612903225807,0.01465674469
COD,"Congo, DRC",capitalist_periphery,1084.225806451613,0.02949534606
COG,Congo,revolutionary,2977.8064516129034,0.02107924205
COL,Colombia,capitalist_periphery,5743.806451612903,0.007412670725
COM,Comoros,capitalist_periphery,991,0.04168651468
CPV,Cape Verde,capitalist_periphery,1444.6774193548388,0.009529742603
CRI,Costa Rica,capitalist_periphery,6415.870967741936,0.001396894563
CSK,Czechoslovakia,socialist,11327.354838709678,7.2787864e-5
CUB,Cuba,socialist,3872.3548387096776,5.21466295e-4
CYP,Cyprus,capitalist_periphery,8163.645161290323,6.29699236e-4
DEU,Germany,capitalist_core,19457.16129032258,8.5539426e-5
DNK,Denmark,capitalist_core,22248,7.887179800000001e-5
DOM,Dominican Republic,capitalist_periphery,3111.548387096774,0.01624187443
DZA,Algeria,capitalist_periphery,4063.2580645161293,0.002047734008
ECU,Ecuador,capitalist_periphery,5301,0.01545019076
EGY,Egypt,capitalist_periphery,2690.3870967741937,0.003925011395
ESP,Spain,capitalist_core,11733.90322580645,2.48793916e-4
ETH,Ethiopia,revolutionary,925.2258064516129,0.08303908801
FIN,Finland,capitalist_core,17830.225806451614,2.7527370999999997e-5
FRA,France,capitalist_core,20332.1935483871,0.002864509888
GAB,Gabon,capitalist_periphery,6992.612903225807,0.01558752517
GBR,United Kingdom,capitalist_core,19229.129032258064,1.01215979e-4
GHA,Ghana,capitalist_periphery,1972.0967741935483,0.03193099785
GIN,Guinea,capitalist_periphery,812.1290322580645,0.03918235638
GMB,The Gambia,capitalist_periphery,1415.7096774193549,0.0228215297
GNB,Guinea-Bissau,capitalist_periphery,1223.5483870967741,0.04481679385
GRC,Greece,capitalist_periphery,11461.41935483871,6.259375500000001e-5
GTM,Guatemala,capitalist_periphery,4980.774193548387,0.1376443692
HND,Honduras,capitalist_periphery,2720.483870967742,0.007482192929
HTI,Haiti,capitalist_periphery,1721.2903225806451,0.03085373481
HUN,Hungary,socialist,8947.225806451614,4.0580877e-5
IDN,Indonesia,capitalist_periphery,2454.1935483870966,0.02465525137
IND,India,capitalist_periphery,1481.1290322580646,0.018849972
IRL,Ireland,capitalist_core,11713.41935483871,1.5008496e-4
IRN,Iran,capitalist_periphery,6414.612903225807,0.002110884515
IRQ,Iraq,capitalist_periphery,6196.548387096775,0.001772730622
ISL,Iceland,capitalist_core,19910.83870967742,2.25504344e-4
ISR,Israel,capitalist_periphery,14813.741935483871,1.61483685e-4
ITA,Italy,capitalist_core,17711.709677419356,3.4507912e-5
JAM,Jamaica,capitalist_periphery,5298.129032258064,0.008091037882
JOR,Jordan,capitalist_periphery,5497.193548387097,8.27481784e-4
JPN,Japan,capitalist_core,17783,2.03051733e-4
KEN,Kenya,capitalist_periphery,1491.1935483870968,0.03671195294999999
KHM,Cambodia,revolutionary,1219.2903225806451,0.05019391952
KOR,South Korea,capitalist_periphery,5399.566823322581,0.001837952631
KWT,Kuwait,capitalist_periphery,29269.58064516129,6.2400657e-5
LAO,Laos,revolutionary,1032.9032258064517,0.03310393659
LBN,Lebanon,capitalist_periphery,5551,5.06812106e-4
LBR,Liberia,capitalist_periphery,3857.548387096774,0.04827475219
LBY,Libya,capitalist_periphery,5593.5161290322585,5.70782978e-4
LCA,St. Lucia,capitalist_periphery,2843.3548387096776,0.00811578880399999
LKA,Sri Lanka,capitalist_periphery,2701.9032258064517,0.005028742963
LSO,Lesotho,capitalist_periphery,1355.0967741935483,0.02245570479
LUX,Luxembourg,capitalist_core,23570.16129032258,7.22153045e-4
MAR,Morocco,capitalist_periphery,3029.5806451612902,0.002041815173
MDG,Madagascar,revolutionary,1638.8709677419354,0.08580177931
MEX,Mexico,capitalist_periphery,7789.258064516129,0.02231831645
MLI,Mali,capitalist_periphery,1014.0645161290323,0.05790411514
MLT,Malta,capitalist_periphery,6494.677419354839,9.0734151e-5
MMR,Myanmar,capitalist_periphery,1145.258064516129,0.02034270739
MNG,Mongolia,socialist,1485.6774193548388,1.15943871e-4
MOZ,Mozambique,revolutionary,2122.2580645161293,0.06775077325
MRT,Mauritania,capitalist_periphery,1465.9354838709678,0.05217610062
MUS,Mauritius,capitalist_periphery,6776.258064516129,0.003111228221
MWI,Malawi,capitalist_periphery,827.8709677419355,0.05729150792
MYS,Malaysia,capitalist_periphery,4702.870967741936,0.00162907647
NAM,Namibia,capitalist_periphery,5912.677419354839,0.02483872439
NER,Niger,capitalist_periphery,1193.4193548387098,0.03811486948999999
NGA,Nigeria,capitalist_periphery,1696.741935483871,0.007651752901
NIC,Nicaragua,revolutionary,3870.3225806451615,0.009535894726
NLD,Netherlands,capitalist_core,20533.41935483871,3.98536266e-4
NOR,Norway,capitalist_core,20170.870967741936,1.10918223e-4
NPL,Nepal,capitalist_periphery,1090.225806451613,0.04127403792
NZL,New Zealand,capitalist_core,19215.967741935485,2.01241847e-4
OMN,Oman,capitalist_periphery,6160.258064516129,7.71477357e-4
PAK,Pakistan,capitalist_periphery,1685.3548387096773,0.009051250878
PAN,Panama,capitalist_periphery,5692.580645161291,0.004487762377
PER,Peru,capitalist_periphery,6043.193548387097,0.01578590471
PHL,Philippines,capitalist_periphery,3123.6129032258063,0.01348399567
POL,Poland,socialist,7899.129032258064,7.6165993e-5
PRI,Puerto Rico,capitalist_periphery,11074,0.001249161079
PRK,North Korea,socialist,2458.8118318387096,0.007735571452
PRT,Portugal,capitalist_core,10514.258064516129,9.54553278e-4
PRY,Paraguay,capitalist_periphery,3767.8064516129034,0.00330167452699999
ROU,Romania,socialist,4277.354838709677,1.43201726e-4
RWA,Rwanda,capitalist_periphery,1374.0967741935483,0.04312115276
SAU,Saudi Arabia,capitalist_periphery,14222.225806451614,0.002469830777
SDN,Sudan,capitalist_periphery,1475.032258064516,0.01354328385
SEN,Senegal,capitalist_periphery,2193.2903225806454,0.01513704873
SGP,Singapore,capitalist_periphery,10601.032258064517,1.6657478e-4
SLE,Sierra Leone,capitalist_periphery,1484.3225806451612,0.04231818316999999
SLV,El Salvador,capitalist_periphery,3521.3225806451615,0.00972111349799999
SUN,USSR,socialist,9304.806451612903,2.6923846e-4
SWE,Sweden,capitalist_core,21580.25806451613,2.66908023e-4
SWZ,Swaziland,capitalist_periphery,2302.7419354838707,0.01751280971
SYC,Seychelles,capitalist_periphery,4978.967741935484,0.004469454546
SYR,Syria,capitalist_periphery,7836.064516129032,0.002696941666
TCD,Chad,capitalist_periphery,785,0.06800424168000001
TGO,Togo,capitalist_periphery,1413.1935483870968,0.02057187209
THA,Thailand,capitalist_periphery,3570.1612903225805,0.005639225401
TTO,Trinidad and Tobago,capitalist_periphery,14391.09677419355,0.005845960798
TUN,Tunisia,capitalist_periphery,3777.9032258064517,7.72200809e-4
TUR,Turkey,capitalist_periphery,5463.451612903225,0.001732714296
TWN,Taiwan,capitalist_periphery,6916.548387096775,0.002670344687
TZA,Tanzania,capitalist_periphery,880.5806451612904,0.03952390993
UGA,Uganda,capitalist_periphery,1126.967741935484,0.03769185908
URY,Uruguay,capitalist_periphery,8681.354838709678,0.00228703871
USA,United States,capitalist_core,27062.83870967742,7.194142890000001e-4
VEN,Venezuela,capitalist_periphery,14701.612903225807,0.004436238623
VNM,Vietnam,socialist,1330.741935483871,0.001041719531
YEM,Yemen,revolutionary,2765.2580645161293,0.0229754754
YUG,Yugoslavia,socialist,7639.354838709677,6.8216689e-5
ZAF,South Africa,capitalist_periphery,6257.903225806452,0.01356524794
ZMB,Zambia,capitalist_periphery,1518.3548387096773,0.04461419041
ZWE,Zimbabwe,revolutionary,1944.6129032258063,0.02699999538
